product_id,product_name,price,stock_status,rating,num_reviews,seller
PID1000,Levi's Slim Fit Jeans,9676.23,Out of Stock,2.1,282,Seller_99
PID1001,Samsung Galaxy Buds 2 Pro,76303.57,Out of Stock,2.7,798,Seller_71
PID1002,Fiction Novel,1517.59,In Stock,3.6,409,Seller_96
PID1003,Mamaearth Vitamin C Serum,9100.28,In Stock,1.8,361,Seller_33
PID1004,Maybelline Hypercurl Mascara,2593.47,In Stock,1.8,685,Seller_47
PID1005,Philips Mixer Grinder,7083.79,Out of Stock,4.3,404,Seller_58
PID1006,Biba Ethnic Kurta,1923.05,Out of Stock,4,415,Seller_58
PID1007,Nike Running Shoes,26078.96,Out of Stock,4,600,Seller_51
PID1008,Ray-Ban Sunglasses,15227.32,Out of Stock,4.5,205,Seller_1
PID1009,Pedigree Puppy Starter,7226.69,In Stock,4.3,530,Seller_93
PID1010,Organic Pasta,159.7,In Stock,3.1,15,Seller_5
PID1011,HP 15s Laptop,77743.24,In Stock,1.6,754,Seller_37
PID1012,Sony WH-CH520,67433.2,In Stock,2.2,720,Seller_77
PID1013,H&M Cotton Printed Shirt,5702.31,Out of Stock,3,70,Seller_3
PID1014,Garnier Micellar Water,2972.83,Out of Stock,1.5,941,Seller_67
PID1015,Loreal Hair Spa Cream,2996.05,Out of Stock,4.4,92,Seller_18
PID1016,Adidas Yoga Mat,9614.3,In Stock,4.5,562,Seller_39
PID1017,Drools Adult Dry Food,5485.19,In Stock,1.1,291,Seller_1
PID1018,Xiaomi Smart Air Purifier 4,37395.88,In Stock,1.8,743,Seller_39
PID1019,Decathlon Trekking Bag,9233.01,Out of Stock,4.3,849,Seller_29
PID1020,Biotique Neem Face Wash,9294.24,In Stock,4.3,572,Seller_28
PID1021,Puma Gym Duffle Bag,4787.17,Out of Stock,2,936,Seller_41
PID1022,Canned Soup,947.22,Out of Stock,2.8,596,Seller_3
PID1023,Nykaa Lip Crayon,5685.52,In Stock,4.7,356,Seller_99
PID1024,Car Battery,14226.03,Out of Stock,3.8,355,Seller_89
PID1025,Royal Canin Labrador Feed,7959.17,Out of Stock,2.1,986,Seller_36
PID1026,Cookbook,559.41,Out of Stock,4.3,835,Seller_71
PID1027,Realme Buds Air 5,43567.58,In Stock,3,283,Seller_66
PID1028,Havells Room Heater,24104.17,In Stock,3.5,231,Seller_72
PID1029,Fresh Apples,234.71,In Stock,1.5,620,Seller_74
PID1030,Board Game,12347.12,Out of Stock,1.1,986,Seller_74
PID1031,Biography,506.94,In Stock,2.5,199,Seller_20
PID1032,Prestige Electric Kettle,3537.01,In Stock,3.4,465,Seller_13
PID1033,Lakme Eyeconic Kajal,14248.62,Out of Stock,1.7,952,Seller_5
PID1034,Action Figure,19329.82,Out of Stock,4.5,413,Seller_59
PID1035,Allen Solly Casual Blazer,20305.74,Out of Stock,3.3,588,Seller_46
PID1036,Zara Women’s Handbag,7963.04,Out of Stock,2.4,4,Seller_20
PID1037,Olive Oil,383.25,In Stock,1.7,267,Seller_18
PID1038,Titan Analog Watch,17263.71,In Stock,4.6,179,Seller_34
PID1039,Puzzle,9082.97,In Stock,4,416,Seller_47
PID1040,Fisher-Price Baby Walker,2879.75,Out of Stock,3.8,518,Seller_75
PID1041,Kong Rubber Ball Toy,5204.18,Out of Stock,2.1,109,Seller_32
PID1042,Self-Help Book,261.9,Out of Stock,2.5,572,Seller_30
PID1043,OnePlus Buds Z2,73199.03,Out of Stock,1.7,74,Seller_33
PID1044,Tire Inflator,8504.62,Out of Stock,3.3,515,Seller_39
PID1045,Nike Dri-FIT Shorts,20111.9,In Stock,4.9,301,Seller_12
PID1046,Libas Embroidered Kurta,8136.92,Out of Stock,4.4,348,Seller_74
PID1047,Granola Bars,1608.2,Out of Stock,3.6,969,Seller_52
PID1048,Van Heusen Formal Shirt,13894.4,In Stock,3.7,119,Seller_73
PID1049,Wildcraft Rain Jacket,6116.24,Out of Stock,2.1,822,Seller_28
PID1050,Children’s Book,1945.25,In Stock,2.6,525,Seller_94
PID1051,Petcrux Calcium Bone,7863.76,Out of Stock,1.1,979,Seller_10
PID1052,Lego Set,18820.23,In Stock,4.1,263,Seller_93
PID1053,Goofy Tails Cat Bed,9000.86,In Stock,4.1,897,Seller_42
PID1054,MCaffeine Face Wash,9089.13,Out of Stock,1,550,Seller_62
PID1055,H&M Denim Jacket,23085.92,In Stock,4.6,832,Seller_23
PID1056,Lenovo ThinkPad E14,11636.94,Out of Stock,3.6,812,Seller_63
PID1057,Beardo Face Serum,3180.95,Out of Stock,3.4,588,Seller_89
PID1058,Mystery Novel,281.41,Out of Stock,1,256,Seller_90
PID1059,Peter England Suit Set,8470.59,Out of Stock,2,710,Seller_74
PID1060,Colorbar Eye Shadow Palette,6013.56,Out of Stock,4.2,453,Seller_13
PID1061,Wrogn Slim Fit Shirt,7148.05,Out of Stock,2.2,989,Seller_77
PID1062,Fresh Oranges,2503.34,Out of Stock,4.9,386,Seller_83
PID1063,Science Fiction Book,842.16,In Stock,3.6,576,Seller_39
PID1064,Car Wax,9147.1,Out of Stock,2.7,495,Seller_5
PID1065,Toy Robot,11082.57,Out of Stock,2.5,788,Seller_94
PID1066,Blue Star Window AC 1.5 Ton,6496.04,In Stock,2.4,249,Seller_74
PID1067,Card Game,16142.84,Out of Stock,2,775,Seller_49
PID1068,Doll House,1953.74,Out of Stock,2.9,347,Seller_11
PID1069,Sugar Matte Lipstick,14807.24,In Stock,3.7,984,Seller_100
PID1070,History Book,1590.04,Out of Stock,4.3,794,Seller_8
PID1071,Flying Machine Cargo Pants,5368.53,Out of Stock,2.6,469,Seller_99
PID1072,Smarty Pet Cat Collar,552.46,Out of Stock,1.4,697,Seller_43
PID1073,Daikin Inverter Split AC,32803,Out of Stock,3,471,Seller_45
PID1074,Woodland Leather Shoes,21410.92,In Stock,3.6,918,Seller_56
PID1075,Faces Canada Compact,11016.41,Out of Stock,4.4,600,Seller_54
PID1076,Crompton Water Geyser,31079.54,Out of Stock,2.5,882,Seller_16
PID1077,Seat Covers,3147.29,Out of Stock,3.6,28,Seller_99
PID1078,Cereal,1139.55,Out of Stock,3.4,493,Seller_30
PID1079,Romance Novel,408.56,Out of Stock,2.2,119,Seller_96
PID1080,Nike Running Shoes,25988.93,In Stock,1.4,264,Seller_84
PID1081,Sebamed Baby Lotion,9462.48,In Stock,1.3,69,Seller_78
PID1082,Fisher-Price Baby Walker,6952.51,In Stock,5,391,Seller_2
PID1083,HP Pavilion x360,9766.88,In Stock,3.6,648,Seller_82
PID1084,Himalaya Diaper Rash Cream,4871.44,Out of Stock,4.4,807,Seller_100
PID1085,Dell XPS 13,29388.75,In Stock,2,225,Seller_81
PID1086,Model Train,14727.32,Out of Stock,3.8,693,Seller_49
PID1087,Frozen Pizza,1948.92,Out of Stock,4.6,718,Seller_7
PID1088,Graphic Novel,1796.98,In Stock,2.2,235,Seller_40
PID1089,Jockey Briefs Pack,12069.27,Out of Stock,1.6,819,Seller_68
PID1090,Johnson’s Baby Shampoo,2058.04,Out of Stock,4.1,323,Seller_6
PID1091,Whiskas Tuna Dry Cat Food,7275.83,In Stock,4.6,422,Seller_41
PID1092,Play Kitchen,15335.31,Out of Stock,4.2,978,Seller_70
PID1093,MCaffeine Coffee Body Scrub,8550.77,In Stock,4.2,361,Seller_73
PID1094,Engine Oil,23358.05,Out of Stock,3.4,528,Seller_20
PID1095,Peanut Butter,1532.01,In Stock,3.6,548,Seller_42
PID1096,Car Mats,16159.25,Out of Stock,3.7,9,Seller_65
PID1097,Bajaj Air Cooler 36L,17674.1,Out of Stock,3.9,717,Seller_90
PID1098,Poetry Book,245.75,In Stock,3.6,852,Seller_29
PID1099,Voltas Tower Fan,5207.77,Out of Stock,5,269,Seller_20
PID1100,Nykaa Skin Secrets Sheet Mask,762.01,Out of Stock,2,254,Seller_7
PID1101,Reebok Training Shorts,19346.83,Out of Stock,2.7,294,Seller_87
PID1102,Puma Sports T-shirt,9910.63,Out of Stock,2.6,95,Seller_94
PID1103,Travel Guide,1115.43,In Stock,1.1,408,Seller_51
PID1104,Petmate Water Dispenser,9121.88,Out of Stock,3.8,689,Seller_58
PID1105,Almond Milk,822.95,In Stock,3.3,766,Seller_97
PID1106,Trixie Cat Scratching Post,4398.64,In Stock,1.8,840,Seller_77
PID1107,Protein Bars,2291.1,In Stock,3.9,350,Seller_74
PID1108,boAt Rockerz 255 Pro+,4961.56,Out of Stock,1.9,77,Seller_65
PID1109,Colorbar Nail Polish Combo,1431.6,In Stock,3.1,567,Seller_12
PID1110,Panasonic Air Fryer,12300.31,In Stock,4.1,953,Seller_29
PID1111,Nike Air Max Running Shoes,5423.78,Out of Stock,4.6,182,Seller_56
PID1112,Roof Rack,27961.23,Out of Stock,3.7,487,Seller_38
PID1113,Enamor Sports Bra,20298.95,Out of Stock,3,321,Seller_51
PID1114,Asus ROG Strix G15,52505.28,In Stock,4.4,362,Seller_19
PID1115,Zivame Maternity Nightwear,21850.78,In Stock,4.4,223,Seller_17
PID1116,Philips Induction Cooktop,32343.21,In Stock,4.5,915,Seller_44
PID1117,Eureka Forbes Vacuum Cleaner,8276.23,Out of Stock,1.7,587,Seller_11
PID1118,Orange Juice,2688.42,In Stock,1.4,275,Seller_61
PID1119,Farmina Matisse Cat Feed,5623.75,In Stock,1.5,187,Seller_74
PID1120,Zara Maxi Dress,20282.28,Out of Stock,2,969,Seller_96
PID1121,Green Tea,2698.66,Out of Stock,4.2,764,Seller_7
PID1122,Honey,1022.21,Out of Stock,4.1,699,Seller_71
PID1123,Me-O Tuna Wet Food,1545.49,Out of Stock,1.7,952,Seller_52
PID1124,Car Stereo,7610.12,In Stock,3.7,931,Seller_34
PID1125,Adidas Track Pants,13214.26,Out of Stock,2.3,194,Seller_11
PID1126,Art Book,1672.43,In Stock,1.4,510,Seller_52
PID1127,Fishing Rod,25919.41,Out of Stock,2.4,754,Seller_65
PID1128,Samsung Galaxy Watch 6,5521.41,In Stock,4,204,Seller_56
PID1129,Levi’s Graphic Tee,13013.31,Out of Stock,2.2,240,Seller_100
PID1130,Nike Running Shoes,12930.14,Out of Stock,4.2,753,Seller_90
PID1131,Fantasy Novel,599.79,In Stock,2.3,247,Seller_17
PID1132,Toy Car,2837.37,In Stock,2,893,Seller_98
PID1133,Fabindia Printed Saree,8771.57,In Stock,2.2,271,Seller_18
PID1134,Thriller Novel,1897.24,Out of Stock,4.4,211,Seller_62
PID1135,Dark Chocolate,1037.29,Out of Stock,2.9,234,Seller_72
PID1136,Havells Immersion Rod,21232.83,Out of Stock,4.5,207,Seller_26
PID1137,Car Cover,21387.55,Out of Stock,3.3,854,Seller_63
PID1138,Amazfit GTS 4 Mini,32272.22,In Stock,4.8,255,Seller_51
PID1139,Comic Book,1949.21,Out of Stock,1.3,856,Seller_84
PID1140,Puma Sports T-shirt,28899.71,Out of Stock,4.6,633,Seller_74
PID1141,Prestige Pressure Cooker 5L,10819.51,Out of Stock,3,364,Seller_26
PID1142,Nike Running Shoes,15269.38,In Stock,4.5,159,Seller_72
PID1143,Ray-Ban Aviator Sunglasses,7871.52,Out of Stock,2.5,797,Seller_79
PID1144,Non-Fiction Book,712.71,Out of Stock,2.2,109,Seller_95
PID1145,Decathlon Trekking Bag,1780.79,Out of Stock,1.2,122,Seller_68
PID1146,Gnawlers Jerky Treats,6290.86,In Stock,4.4,942,Seller_32
PID1147,Loreal Paris Night Cream,7689.38,Out of Stock,1.5,80,Seller_32
PID1148,Orient Electric Ceiling Fan,3007.67,In Stock,1.8,692,Seller_10
PID1149,Science Kit,5933.61,In Stock,2.6,978,Seller_35
PID1150,Milton Insulated Tiffin Box,36422.37,In Stock,3.3,679,Seller_100
PID1151,Nike Air Max Running Shoes,7719.16,Out of Stock,4.6,504,Seller_56
PID1152,Wildcraft Rain Jacket,4945.42,In Stock,2.8,628,Seller_42
PID1153,boAt Storm Call 2,41708.96,In Stock,2.3,6,Seller_88
PID1154,Dogsee Chew Bars,9863.68,In Stock,3.9,782,Seller_74
PID1155,Train Set,5220.08,In Stock,4.1,877,Seller_12
PID1156,Car Jack,20491.93,In Stock,3,554,Seller_15
PID1157,Acer Predator Helios 300,62121.47,Out of Stock,3.5,980,Seller_86
PID1158,Biba Lehenga Set,6322.12,Out of Stock,1.7,43,Seller_53
PID1159,Building Set,14700.22,Out of Stock,3.5,868,Seller_55
PID1160,Short Story Collection,862.01,In Stock,1,493,Seller_47
PID1161,Ponds Bright Beauty Cream,9594.9,Out of Stock,2.1,380,Seller_45
PID1162,Alienware m15 Gaming Laptop,52514.73,In Stock,4,635,Seller_25
PID1163,Lakme 9to5 Lipstick Set,8175.89,In Stock,1.7,322,Seller_42
PID1164,PetKin Tooth Wipes,1357.75,Out of Stock,4.1,504,Seller_45
PID1165,Allen Solly Formal Trousers,20964.91,Out of Stock,3,919,Seller_77
PID1166,H&M Cotton Printed Shirt,8359.11,In Stock,4.1,902,Seller_84
PID1167,Brake Pads,6409.04,In Stock,1.4,918,Seller_4
PID1168,Zara Women’s Handbag,1498.99,Out of Stock,3.5,588,Seller_99
PID1169,Nike Dri-FIT Shorts,18013.16,Out of Stock,3.5,889,Seller_40
PID1170,Butterfly Jet Elite Mixer,27425.01,Out of Stock,2.6,281,Seller_22
PID1171,Cello Water Jug,1646.93,In Stock,4.9,502,Seller_45
PID1172,Car Vacuum,15850.7,In Stock,2.5,187,Seller_79
PID1173,Adidas Yoga Mat,7336.33,In Stock,1.2,782,Seller_57
PID1174,LG Washing Machine 7kg,26161.74,Out of Stock,1.8,937,Seller_80
PID1175,Health Book,513.86,In Stock,2.5,523,Seller_19
PID1176,Puma Gym Duffle Bag,20944.48,In Stock,1.1,286,Seller_57
PID1177,AmazonBasics Dog Bed,4173.99,In Stock,2.3,407,Seller_6
PID1178,Instant Coffee,2816.52,Out of Stock,4.3,227,Seller_30
PID1179,Maybelline Fit Me Foundation,2321.56,Out of Stock,1.8,768,Seller_26
PID1180,Nike Running Shoes,10693.24,In Stock,3.7,590,Seller_88
PID1181,MCaffeine Body Butter,1968.06,Out of Stock,3.5,131,Seller_48
PID1182,Classic Novel,1864.45,In Stock,2,55,Seller_20
PID1183,Bottled Water,2644.28,Out of Stock,3.8,538,Seller_97
PID1184,Toy Soldier,5529.86,Out of Stock,2.4,818,Seller_94
PID1185,Car Polish,20139.54,Out of Stock,1.5,433,Seller_11
PID1186,Decathlon Trekking Bag,24644.61,Out of Stock,2.5,489,Seller_15
PID1187,Air Freshener,17100.82,Out of Stock,3.4,962,Seller_95
PID1188,Van Heusen Blazer,13476.44,In Stock,1.7,553,Seller_7
PID1189,Bombay Shaving Beard Trimmer,3855.23,Out of Stock,4.3,33,Seller_32
PID1190,Phillauri Attar Perfume,1668.61,Out of Stock,2.2,514,Seller_80
PID1191,Peter England Polo T-Shirt,22481.79,Out of Stock,2.2,355,Seller_19
PID1192,Lego Set,18058.15,In Stock,3.9,403,Seller_37
PID1193,Logitech MX Master 3 Mouse,52482.61,Out of Stock,3.4,881,Seller_2
PID1194,Heads Up For Tails Harness,3720.78,In Stock,2.4,702,Seller_44
PID1195,Nike Running Shoes,10931.84,In Stock,4.6,794,Seller_89
PID1196,Nivea Soft Cream,10971.55,Out of Stock,5,178,Seller_15
PID1197,Furminator Grooming Brush,9022.55,In Stock,2.4,468,Seller_40
PID1198,Vaseline Body Lotion,13340.17,In Stock,4.6,999,Seller_58
PID1199,Fire-Boltt Hulk Smartwatch,63490.67,Out of Stock,2.4,123,Seller_61
PID1200,Libas Embroidered Kurta,16229.78,In Stock,1.8,715,Seller_3
PID1201,JBL Tune 760NC,11310.5,In Stock,4.8,530,Seller_43
PID1202,Dove Intense Repair Mask,2675.94,Out of Stock,4.7,471,Seller_27
PID1203,Biba Ethnic Kurta Set,22514.58,In Stock,2.6,323,Seller_95
PID1204,Redragon K552 Mechanical Keyboard,50482.18,Out of Stock,1.9,705,Seller_69
PID1205,Play Mat,679.34,Out of Stock,3.9,8,Seller_28
PID1206,Zivame Women’s Lingerie Set,2986.05,In Stock,1.5,12,Seller_27
PID1207,Puma Sports T-shirt,20140.6,Out of Stock,3.9,690,Seller_70
PID1208,Clinic Plus Hair Oil,374.41,Out of Stock,3.4,215,Seller_67
PID1209,Graphic Novel,489.45,In Stock,1.7,388,Seller_97
PID1210,Car Battery,16913.28,Out of Stock,2.5,594,Seller_34
PID1211,Tresemme Keratin Shampoo,10470.86,In Stock,3.6,103,Seller_71
PID1212,Nike Air Max Running Shoes,19802.46,In Stock,1.1,333,Seller_62
PID1213,Pigeon Non-stick Tawa,9746.5,Out of Stock,4.5,370,Seller_80
PID1214,Kong Chew Toy for Dogs,7265.7,Out of Stock,2,627,Seller_73
PID1215,Levi's Slim Fit Jeans,6312.6,In Stock,4.2,456,Seller_12
PID1216,Apple iPhone 14,29404.98,Out of Stock,4.8,912,Seller_45
PID1217,Non-Fiction Book,1543.68,In Stock,3.1,234,Seller_67
PID1218,Wow Aloe Vera Gel,9849.6,In Stock,4,789,Seller_23
PID1219,Tupperware Bottle 1L,34119.71,Out of Stock,3.5,123,Seller_89
PID1220,Adidas Track Pants,19968.06,In Stock,4.3,567,Seller_34
PID1221,Whiskas Chicken Gravy,5898.93,Out of Stock,4.1,345,Seller_56
PID1222,Fresh Apples,371.66,In Stock,3.9,678,Seller_78
PID1223,Action Figure,7670.46,Out of Stock,2.8,456,Seller_90
PID1224,Car Wax,8690.87,In Stock,3.2,234,Seller_12
PID1225,H&M Denim Jacket,6477.75,Out of Stock,4.5,789,Seller_45
PID1226,Realme Narzo 50A,77975.79,In Stock,3.7,912,Seller_67
PID1227,Cookbook,907.58,Out of Stock,3.4,345,Seller_23
PID1228,Garnier Micellar Water,13413.08,In Stock,4.2,567,Seller_89
PID1229,Butterfly Rapid Toaster,25614.41,Out of Stock,3.9,123,Seller_34
PID1230,Nike Dri-FIT Shorts,23987.97,In Stock,4,456,Seller_56
PID1231,Pawzone Pet Feeding Bowl,5275.05,Out of Stock,3.8,678,Seller_78
PID1232,Canned Soup,1773.02,In Stock,3.6,234,Seller_90
PID1233,Lego Set,10104.1,Out of Stock,4.1,789,Seller_12
PID1234,Tire Inflator,6662.05,In Stock,3.3,345,Seller_45
PID1235,Ray-Ban Aviator Sunglasses,18200.08,Out of Stock,4.4,567,Seller_67
PID1236,OnePlus Nord CE 3 Lite,26057.93,In Stock,4,912,Seller_23
PID1237,Biography,243.77,Out of Stock,3.5,123,Seller_89
PID1238,Loreal Hair Spa Cream,9788.44,In Stock,4.3,456,Seller_34
PID1239,Orient Electric Ceiling Fan,7907.32,Out of Stock,3.7,678,Seller_56
PID1240,Decathlon Trekking Bag,28255.44,In Stock,4.2,234,Seller_78
PID1241,Chip Chops Dog Treats,9562.32,Out of Stock,3.9,789,Seller_90
PID1242,Olive Oil,2753.11,In Stock,3.4,345,Seller_12
PID1243,Puzzle,7718.09,Out of Stock,4,567,Seller_45
PID1244,Car Mats,1448.24,In Stock,3.6,912,Seller_67
PID1245,Titan Analog Watch,23243.8,Out of Stock,4.1,123,Seller_23
PID1246,Sony Alpha ZV-E10,37113.81,In Stock,4.5,456,Seller_89
PID1247,Self-Help Book,1939.98,Out of Stock,3.8,678,Seller_34
PID1248,MCaffeine Face Wash,14465.21,In Stock,4.2,234,Seller_56
PID1249,Prestige Electric Kettle,34267.37,Out of Stock,3.9,789,Seller_78
PID1250,Wildcraft Rain Jacket,9327.35,In Stock,4,345,Seller_90
PID1251,Farmina N&D Pet Food,4158.43,Out of Stock,4.3,567,Seller_12
PID1252,Granola Bars,2568.3,In Stock,3.7,912,Seller_45
PID1253,Fisher-Price Baby Walker,6679.98,Out of Stock,4.1,123,Seller_67
PID1254,Car Battery,5915.29,In Stock,3.5,456,Seller_23
PID1255,Biba Ethnic Kurta,14141.63,Out of Stock,4.2,678,Seller_89
PID1256,Canon PIXMA G3000 Printer,75211.61,In Stock,3.9,234,Seller_34
PID1257,Mystery Novel,1452.85,Out of Stock,3.4,789,Seller_56
PID1258,Beardo Face Serum,8679.9,In Stock,4,345,Seller_78
PID1259,Havells Room Heater,4789.88,Out of Stock,4.3,567,Seller_90
PID1260,Nike Running Shoes,18719.71,In Stock,4.1,912,Seller_12
PID1261,Royal Canin Persian Kitten,9905.51,Out of Stock,3.8,123,Seller_45
PID1262,Cereal,506.24,In Stock,3.6,456,Seller_67
PID1263,Card Game,10607.43,Out of Stock,4.2,678,Seller_23
PID1264,Seat Covers,26443.82,In Stock,3.7,234,Seller_89
PID1265,H&M Cotton Printed Shirt,18648.83,Out of Stock,4,789,Seller_34
PID1266,HP DeskJet Ink Advantage,57276.18,In Stock,4.3,345,Seller_56
PID1267,Romance Novel,1464.47,Out of Stock,3.9,567,Seller_78
PID1268,Colorbar Eye Shadow Palette,5584.52,In Stock,4.1,912,Seller_90
PID1269,Crompton Water Geyser,12450.08,Out of Stock,3.5,123,Seller_12
PID1270,Adidas Yoga Mat,24414.28,In Stock,4.2,456,Seller_45
PID1271,Smarty Pet Leash Harness,8196.08,Out of Stock,4,678,Seller_67
PID1272,Fresh Oranges,2614.51,In Stock,3.8,234,Seller_23
PID1273,Doll House,18308.19,Out of Stock,4.3,789,Seller_89
PID1274,Car Stereo,15828.93,In Stock,3.6,345,Seller_34
PID1275,Zara Women’s Handbag,12787.15,Out of Stock,4.1,567,Seller_56
PID1276,Epson EcoTank L3250,64872.14,In Stock,4.2,912,Seller_78
PID1277,Graphic Novel,1369.94,Out of Stock,3.7,123,Seller_90
PID1278,Sugar Matte Lipstick,10618.91,In Stock,4,456,Seller_12
PID1279,Philips Induction Cooktop,32035.91,Out of Stock,4.3,678,Seller_45
PID1280,Puma Gym Duffle Bag,26777.16,In Stock,3.9,234,Seller_67
PID1281,Kong Chew Toy for Dogs,3710.95,Out of Stock,4.1,789,Seller_23
PID1282,Peanut Butter,1189.19,In Stock,3.5,345,Seller_89
PID1283,Science Kit,2332.65,Out of Stock,4.2,567,Seller_34
PID1284,Car Cover,17770.12,In Stock,3.8,912,Seller_56
PID1285,Libas Embroidered Kurta,1380.59,Out of Stock,4,123,Seller_78
PID1286,Wacom One Graphic Tablet,39919.85,In Stock,4.3,456,Seller_90
PID1287,Poetry Book,1176.76,Out of Stock,3.6,678,Seller_12
PID1288,Nykaa Lip Crayon,4512.16,In Stock,4.1,234,Seller_45
PID1289,Bajaj Air Cooler 36L,24042.5,Out of Stock,4.2,789,Seller_67
PID1290,Nike Dri-FIT Shorts,1593.66,In Stock,3.9,345,Seller_23
PID1291,AmazonBasics Dog Bed,854.81,Out of Stock,4,567,Seller_89
PID1292,Green Tea,2485.54,In Stock,4.3,912,Seller_34
PID1293,Toy Robot,7523.72,Out of Stock,3.7,123,Seller_56
PID1294,Car Jack,4684.75,In Stock,4.1,456,Seller_78
PID1295,Titan Analog Watch,13294.96,Out of Stock,4.2,678,Seller_90
PID1296,Noise Luna Ring,62749.52,In Stock,3.8,234,Seller_12
PID1297,Travel Guide,588.48,Out of Stock,4,789,Seller_45
PID1298,Lakme Eyeconic Kajal,9456.49,In Stock,4.3,345,Seller_67
PID1299,Voltas Tower Fan,4328.55,Out of Stock,3.6,567,Seller_23
PID1300,Adidas Track Pants,2214.27,In Stock,4.1,912,Seller_89
PID1301,Pawzone Pet Feeding Bowl,5547.87,Out of Stock,4.2,123,Seller_34
PID1302,Honey,1667.84,In Stock,3.9,456,Seller_56
PID1303,Building Set,12929.88,Out of Stock,4,678,Seller_78
PID1304,Car Battery,22056.65,In Stock,4.3,234,Seller_90
PID1305,Biba Ethnic Kurta,24408.38,Out of Stock,3.7,789,Seller_12
PID1306,Honor Band 6,43722.53,In Stock,4.1,345,Seller_45
PID1307,Short Story Collection,781.32,Out of Stock,4.2,567,Seller_67
PID1308,MCaffeine Coffee Body Scrub,11989.24,In Stock,3.8,912,Seller_23
PID1309,Panasonic Air Fryer,11562.46,Out of Stock,4,123,Seller_89
PID1310,Nike Running Shoes,13561.86,In Stock,4.3,456,Seller_34
PID1311,Chip Chops Dog Treats,1245.34,Out of Stock,3.6,678,Seller_56
PID1312,Dark Chocolate,173.52,In Stock,4.1,234,Seller_78
PID1313,Card Game,19271.64,Out of Stock,4.2,789,Seller_90
PID1314,Car Stereo,25243.42,In Stock,3.9,345,Seller_12
PID1315,H&M Cotton Printed Shirt,17551.37,Out of Stock,4,567,Seller_45
PID1316,Fitbit Charge 5,35671.47,In Stock,4.3,912,Seller_67
PID1317,Romance Novel,511.93,Out of Stock,3.7,123,Seller_23
PID1318,Sugar Matte Lipstick,2599.62,In Stock,4.1,456,Seller_89
PID1319,Crompton Water Geyser,10759.47,Out of Stock,4.2,678,Seller_34
PID1320,Decathlon Trekking Bag,16792.34,In Stock,3.8,234,Seller_56
PID1321,Kong Chew Toy for Dogs,7288.66,Out of Stock,4,789,Seller_78
PID1322,Fresh Apples,2014.57,In Stock,4.3,345,Seller_90
PID1323,Puzzle,5958.71,Out of Stock,3.6,567,Seller_12
PID1324,Car Mats,28691.09,In Stock,4.1,912,Seller_45
PID1325,Ray-Ban Aviator Sunglasses,18578.47,Out of Stock,4.2,123,Seller_67
PID1326,Realme Watch 3 Pro,46576.55,In Stock,3.9,456,Seller_23
PID1327,Mystery Novel,1301.1,Out of Stock,4,678,Seller_89
PID1328,Nykaa Lip Crayon,6468.12,In Stock,4.3,234,Seller_34
PID1329,Philips Induction Cooktop,10661.51,Out of Stock,3.7,789,Seller_56
PID1330,Nike Dri-FIT Shorts,11130,In Stock,4.1,345,Seller_78
PID1331,AmazonBasics Dog Bed,7699.54,Out of Stock,4.2,567,Seller_90
PID1332,Olive Oil,141.74,In Stock,3.8,912,Seller_12
PID1333,Lego Set,2763.42,Out of Stock,4,123,Seller_45
PID1334,Car Battery,2334.08,In Stock,4.3,456,Seller_67
PID1335,Zara Women’s Handbag,1497.86,Out of Stock,3.6,678,Seller_23
PID1336,Fossil Hybrid HR,69159.54,In Stock,4.1,234,Seller_89
PID1337,Poetry Book,1466.58,Out of Stock,4.2,789,Seller_34
PID1338,Lakme Eyeconic Kajal,7270.36,In Stock,3.9,345,Seller_56
PID1339,Bajaj Air Cooler 36L,4815.53,Out of Stock,4,567,Seller_78
PID1340,Adidas Yoga Mat,15104.35,In Stock,4.3,912,Seller_90
PID1341,Pawzone Pet Feeding Bowl,4997.98,Out of Stock,3.7,123,Seller_12
PID1342,Green Tea,602.29,In Stock,4.1,456,Seller_45
PID1343,Fisher-Price Baby Walker,8960.11,Out of Stock,4.2,678,Seller_67
PID1344,Car Stereo,12556.64,In Stock,3.8,234,Seller_23
PID1345,Biba Ethnic Kurta,15588.33,Out of Stock,4,789,Seller_89
PID1346,Titan Smart Pro,52632.02,In Stock,4.3,345,Seller_34
PID1347,Graphic Novel,281.55,Out of Stock,3.6,567,Seller_56
PID1348,MCaffeine Coffee Body Scrub,5806.81,In Stock,4.1,912,Seller_78
PID1349,Panasonic Air Fryer,25408.54,Out of Stock,4.2,123,Seller_90
PID1350,Nike Running Shoes,15441.89,In Stock,3.9,456,Seller_12
PID1351,Chip Chops Dog Treats,8636.65,Out of Stock,4,678,Seller_45
PID1352,Dark Chocolate,2010.21,In Stock,4.3,234,Seller_67
PID1353,Science Kit,3677.22,Out of Stock,3.7,789,Seller_23
PID1354,Car Battery,3046.49,In Stock,4.1,345,Seller_89
PID1355,H&M Cotton Printed Shirt,16239.27,Out of Stock,4.2,567,Seller_34
PID1356,JBL Tune 760NC,6988.35,In Stock,3.8,912,Seller_56
PID1357,Romance Novel,1254.4,Out of Stock,4,123,Seller_78
PID1358,Sugar Matte Lipstick,14121.38,In Stock,4.3,456,Seller_90
PID1359,Crompton Water Geyser,23443.49,Out of Stock,3.6,678,Seller_12
PID1360,Decathlon Trekking Bag,12073.38,In Stock,4.1,234,Seller_45
PID1361,Kong Chew Toy for Dogs,6611.24,Out of Stock,4.2,789,Seller_67
PID1362,Fresh Apples,1428.93,In Stock,3.9,345,Seller_23
PID1363,Puzzle,11139.53,Out of Stock,4,567,Seller_89
PID1364,Car Mats,28302.48,In Stock,4.3,912,Seller_34
PID1365,Ray-Ban Aviator Sunglasses,9959.51,Out of Stock,3.7,123,Seller_56
PID1366,Marshall Emberton II,77089.29,In Stock,4.1,456,Seller_78
PID1367,Mystery Novel,1829.63,Out of Stock,4.2,678,Seller_90
PID1368,Nykaa Lip Crayon,3178.13,In Stock,3.8,234,Seller_12
PID1369,Philips Induction Cooktop,3705.09,Out of Stock,4,789,Seller_45
PID1370,Nike Dri-FIT Shorts,3652.8,In Stock,4.3,345,Seller_67
PID1371,AmazonBasics Dog Bed,673.11,Out of Stock,3.6,567,Seller_23
PID1372,Olive Oil,373.88,In Stock,4.1,912,Seller_89
PID1373,Lego Set,13818.63,Out of Stock,4.2,123,Seller_34
PID1374,Car Battery,3064.47,In Stock,3.9,456,Seller_56
PID1375,Zara Women’s Handbag,8314.9,Out of Stock,4,678,Seller_78
PID1376,Sony SRS-XB13,68365.65,In Stock,4.3,234,Seller_90
PID1377,Poetry Book,241.89,Out of Stock,3.7,789,Seller_12
PID1378,Lakme Eyeconic Kajal,12272.69,In Stock,4.1,345,Seller_45
PID1379,Bajaj Air Cooler 36L,11992.34,Out of Stock,4.2,567,Seller_67
PID1380,Adidas Yoga Mat,4162.23,In Stock,3.8,912,Seller_23
PID1381,Pawzone Pet Feeding Bowl,7119,Out of Stock,4,123,Seller_89
PID1382,Green Tea,1923.93,In Stock,4.3,456,Seller_34
PID1383,Fisher-Price Baby Walker,17610.7,Out of Stock,3.6,678,Seller_56
PID1384,Car Stereo,22317.06,In Stock,4.1,234,Seller_78
PID1385,Biba Ethnic Kurta,20185.28,Out of Stock,4.2,789,Seller_90
PID1386,Philips Soundbar TAB5305,26152.59,In Stock,3.9,345,Seller_12
PID1387,Graphic Novel,519.39,Out of Stock,4,567,Seller_45
PID1388,MCaffeine Coffee Body Scrub,11334.04,In Stock,4.3,912,Seller_67
PID1389,Panasonic Air Fryer,32466.55,Out of Stock,3.7,123,Seller_23
PID1390,Nike Running Shoes,29721.8,In Stock,4.1,456,Seller_89
PID1391,Chip Chops Dog Treats,4419.87,Out of Stock,4.2,678,Seller_34
PID1392,Dark Chocolate,1178.85,In Stock,3.8,234,Seller_56
PID1393,Science Kit,15640.05,Out of Stock,4,789,Seller_78
PID1394,Car Battery,10883.3,In Stock,4.3,345,Seller_90
PID1395,H&M Cotton Printed Shirt,23303.55,Out of Stock,3.6,567,Seller_12
PID1396,LG Home Theatre System,69380.96,In Stock,4.1,912,Seller_45
PID1397,Romance Novel,972.19,Out of Stock,4.2,123,Seller_67
PID1398,Sugar Matte Lipstick,11337.8,In Stock,3.9,456,Seller_23
PID1399,Crompton Water Geyser,30427.17,Out of Stock,4,678,Seller_89
PID1400,Decathlon Trekking Bag,3721.53,In Stock,4.3,234,Seller_34
PID1401,Kong Chew Toy for Dogs,9074.25,Out of Stock,3.7,789,Seller_56
PID1402,Fresh Apples,1565.23,In Stock,4.1,345,Seller_78
PID1403,Puzzle,16615.92,Out of Stock,4.2,567,Seller_90
PID1404,Car Mats,10281.44,In Stock,3.8,912,Seller_12
PID1405,Ray-Ban Aviator Sunglasses,22440.32,Out of Stock,4,123,Seller_45
PID1406,Bose QuietComfort Earbuds,34190.13,In Stock,4.3,456,Seller_67
PID1407,Mystery Novel,219.51,Out of Stock,3.6,678,Seller_23
PID1408,Nykaa Lip Crayon,13609.12,In Stock,4.1,234,Seller_89
PID1409,Philips Induction Cooktop,4560.18,Out of Stock,4.2,789,Seller_34
PID1410,Nike Dri-FIT Shorts,10055.89,In Stock,3.9,345,Seller_56
PID1411,AmazonBasics Dog Bed,9525.59,Out of Stock,4,567,Seller_78
PID1412,Olive Oil,2856.76,In Stock,4.3,912,Seller_90
PID1413,Lego Set,11682.04,Out of Stock,3.7,123,Seller_12
PID1414,Car Battery,19323.28,In Stock,4.1,456,Seller_45
PID1415,Zara Women’s Handbag,11486.92,Out of Stock,4.2,678,Seller_67
PID1416,Samsung Sound Tower MX-T50,26990.81,In Stock,3.8,234,Seller_23
PID1417,Poetry Book,791.6,Out of Stock,4,789,Seller_89
PID1418,Lakme Eyeconic Kajal,10186.02,In Stock,4.3,345,Seller_34
PID1419,Bajaj Air Cooler 36L,30342.61,Out of Stock,3.6,567,Seller_56
PID1420,Adidas Yoga Mat,23893.27,In Stock,4.1,912,Seller_78
PID1421,Pawzone Pet Feeding Bowl,8001.37,Out of Stock,4.2,123,Seller_90
PID1422,Green Tea,364.5,In Stock,3.9,456,Seller_12
PID1423,Fisher-Price Baby Walker,10141.2,Out of Stock,4,678,Seller_45
PID1424,Car Stereo,2669.2,In Stock,4.3,234,Seller_67
PID1425,Biba Ethnic Kurta,13963.46,Out of Stock,3.7,789,Seller_23
PID1426,Amazon Fire TV Stick 4K,38114.79,In Stock,4.1,345,Seller_89
PID1427,Graphic Novel,1797.87,Out of Stock,4.2,567,Seller_34
PID1428,MCaffeine Coffee Body Scrub,5458.45,In Stock,3.8,912,Seller_56
PID1429,Panasonic Air Fryer,5565.61,Out of Stock,4,123,Seller_78
PID1430,Nike Running Shoes,4889.66,In Stock,4.3,456,Seller_90
PID1431,Chip Chops Dog Treats,7734.35,Out of Stock,3.6,678,Seller_12
PID1432,Dark Chocolate,1892.83,In Stock,4.1,234,Seller_45
PID1433,Science Kit,2471.89,Out of Stock,4.2,789,Seller_67
PID1434,Car Battery,3439.1,In Stock,3.9,345,Seller_23
PID1435,H&M Cotton Printed Shirt,17673.74,Out of Stock,4,567,Seller_89
PID1436,Google Chromecast Ultra,10457.23,In Stock,4.3,912,Seller_34
PID1437,Romance Novel,1679.35,Out of Stock,3.7,123,Seller_56
PID1438,Sugar Matte Lipstick,10681.76,In Stock,4.1,456,Seller_78
PID1439,Crompton Water Geyser,4172.6,Out of Stock,4.2,678,Seller_90
PID1440,Decathlon Trekking Bag,3185.75,In Stock,3.8,234,Seller_12
PID1441,Kong Chew Toy for Dogs,9873.08,Out of Stock,4,789,Seller_45
PID1442,Fresh Apples,1185.39,In Stock,4.3,345,Seller_67
PID1443,Puzzle,7727.52,Out of Stock,3.6,567,Seller_23
PID1444,Car Mats,24571.19,In Stock,4.1,912,Seller_89
PID1445,Ray-Ban Aviator Sunglasses,23707.59,Out of Stock,4.2,123,Seller_34
PID1446,Apple TV 4K,78950.08,In Stock,3.9,456,Seller_56
PID1447,Mystery Novel,1556.08,Out of Stock,4,678,Seller_78
PID1448,Nykaa Lip Crayon,5831.02,In Stock,4.3,234,Seller_90
PID1449,Philips Induction Cooktop,4256.53,Out of Stock,3.7,789,Seller_12
PID1450,Nike Dri-FIT Shorts,23470.4,In Stock,4.1,345,Seller_45
PID1451,AmazonBasics Dog Bed,5804.84,Out of Stock,4.2,567,Seller_67
PID1452,Olive Oil,1330.24,In Stock,3.8,912,Seller_23
PID1453,Lego Set,18173.91,Out of Stock,4,123,Seller_89
PID1454,Car Battery,4224.73,In Stock,4.3,456,Seller_34
PID1455,Zara Women’s Handbag,12569.32,Out of Stock,3.6,678,Seller_56
PID1456,Echo Dot 5th Gen,5851.52,In Stock,4.1,234,Seller_78
PID1457,Poetry Book,1043.59,Out of Stock,4.2,789,Seller_90
PID1458,Lakme Eyeconic Kajal,1127.66,In Stock,3.9,345,Seller_12
PID1459,Bajaj Air Cooler 36L,5633.9,Out of Stock,4,567,Seller_45
PID1460,Adidas Yoga Mat,4143.52,In Stock,4.3,912,Seller_67
PID1461,Pawzone Pet Feeding Bowl,6667.5,Out of Stock,3.7,123,Seller_23
PID1462,Green Tea,2263.53,In Stock,4.1,456,Seller_89
PID1463,Fisher-Price Baby Walker,11875.69,Out of Stock,4.2,678,Seller_34
PID1464,Car Stereo,28903,In Stock,3.8,234,Seller_56
PID1465,Biba Ethnic Kurta,9684.33,Out of Stock,4,789,Seller_78
PID1466,Mi Smart LED Bulb,26428.41,In Stock,4.3,345,Seller_90
PID1467,Graphic Novel,1763.48,Out of Stock,3.6,567,Seller_12
PID1468,MCaffeine Coffee Body Scrub,3586.86,In Stock,4.1,912,Seller_45
PID1469,Panasonic Air Fryer,38565.68,Out of Stock,4.2,123,Seller_67
PID1470,Nike Running Shoes,1056.13,In Stock,3.9,456,Seller_23
PID1471,Chip Chops Dog Treats,9713.85,Out of Stock,4,678,Seller_89
PID1472,Dark Chocolate,225.16,In Stock,4.3,234,Seller_34
PID1473,Science Kit,17877.29,Out of Stock,3.7,789,Seller_56
PID1474,Car Battery,16303.33,In Stock,4.1,345,Seller_78
PID1475,H&M Cotton Printed Shirt,24827.64,Out of Stock,4.2,567,Seller_90
PID1476,Syska WiFi Plug,10534.74,In Stock,3.8,912,Seller_12
PID1477,Romance Novel,1196.94,Out of Stock,4,123,Seller_45
PID1478,Sugar Matte Lipstick,14548.75,In Stock,4.3,456,Seller_67
PID1479,Crompton Water Geyser,21400.82,Out of Stock,3.6,678,Seller_23
PID1480,Decathlon Trekking Bag,19141.38,In Stock,4.1,234,Seller_89
PID1481,Kong Chew Toy for Dogs,7109.61,Out of Stock,4.2,789,Seller_34
PID1482,Fresh Apples,1418.17,In Stock,3.9,345,Seller_56
PID1483,Puzzle,12737.38,Out of Stock,4,567,Seller_78
PID1484,Car Mats,17945.12,In Stock,4.3,912,Seller_90
PID1485,Ray-Ban Aviator Sunglasses,22578.37,Out of Stock,3.7,123,Seller_12
PID1486,Realme Smart Cam 360,8408.48,In Stock,4.1,456,Seller_45
PID1487,Mystery Novel,705.73,Out of Stock,4.2,678,Seller_67
PID1488,Nykaa Lip Crayon,14271.05,In Stock,3.8,234,Seller_23
PID1489,Philips Induction Cooktop,35720.29,Out of Stock,4,789,Seller_89
PID1490,Nike Dri-FIT Shorts,14050.74,In Stock,4.3,345,Seller_34
PID1491,AmazonBasics Dog Bed,6391.26,Out of Stock,3.6,567,Seller_56
PID1492,Olive Oil,904.41,In Stock,3.574796748,0,Seller_Unknown
PID1493,Nivea Soft Cream,4168.36,Out of Stock,2.6,76,Seller_100
PID1494,Petmate Water Dispenser,9542.12,Out of Stock,1.2,341,Seller_62
PID1495,Children’s Book,5494.28,Out of Stock,1.1,978,Seller_62
PID1496,Wacom One Graphic Tablet,1792.6,In Stock,3.3,276,Seller_18
PID1497,Instant Coffee,4031.65,In Stock,3.6,309,Seller_57
PID1498,Allen Solly Formal Trousers,39001.4,In Stock,1.8,580,Seller_74
PID1499,Train Set,29600.11,Out of Stock,2.4,212,Seller_73
PID1500,Honey,17604.96,Out of Stock,2.4,790,Seller_40
PID1501,Art Book,16407.62,In Stock,1.6,126,Seller_25
PID1502,Tresemme Keratin Shampoo,6535.79,In Stock,2.4,752,Seller_87
PID1503,Adidas Yoga Mat,32738.01,Out of Stock,3.7,6,Seller_78
PID1504,Car Polish,17275.91,In Stock,4.7,90,Seller_44
PID1505,Peanut Butter,3671.03,In Stock,4.1,716,Seller_19
PID1506,Goofy Tails Cat Bed,9153.81,Out of Stock,4.2,297,Seller_70
PID1507,Zara Women’s Handbag,16539.48,Out of Stock,2.3,767,Seller_80
PID1508,Wildcraft Rain Jacket,38042.2,Out of Stock,3.1,981,Seller_8
PID1509,Gnawlers Jerky Treats,18280.13,Out of Stock,2.4,630,Seller_23
PID1510,Philips Induction Cooktop,18789.04,Out of Stock,1.4,429,Seller_54
PID1511,LG Washing Machine 7kg,952.84,In Stock,2.3,469,Seller_6
PID1512,Adidas Track Pants,18688.21,In Stock,4.1,6,Seller_100
PID1513,HP 15s Laptop,26115.85,Out of Stock,1.8,517,Seller_87
PID1514,Car Mats,1381.76,In Stock,3.3,256,Seller_99
PID1515,Fabindia Printed Saree,1472.55,Out of Stock,4.9,909,Seller_78
PID1516,Biotique Neem Face Wash,11917.44,In Stock,1.3,347,Seller_86
PID1517,Whiskas Tuna Dry Cat Food,24506.05,In Stock,4,935,Seller_96
PID1518,Romance Novel,19751.88,In Stock,4,792,Seller_18
PID1519,Wildcraft Rain Jacket,470.75,Out of Stock,2.8,200,Seller_55
PID1520,Brake Pads,12085.55,Out of Stock,4.9,487,Seller_48
PID1521,Travel Guide,1204.58,In Stock,1.1,174,Seller_82
PID1522,Asus ROG Strix G15,77743.58,In Stock,4.6,516,Seller_29
PID1523,Non-Fiction Book,2542.14,In Stock,3.9,397,Seller_52
PID1524,Fresh Apples,8464.12,Out of Stock,1.7,690,Seller_12
PID1525,Poetry Book,9639.52,Out of Stock,3.2,370,Seller_6
PID1526,Noise Luna Ring,8588.98,Out of Stock,2.5,348,Seller_37
PID1527,Car Battery,11662.88,Out of Stock,1.8,868,Seller_62
PID1528,Jockey Briefs Pack,3198.64,In Stock,4,611,Seller_70
PID1529,Panasonic Air Fryer,34724.17,Out of Stock,2.1,285,Seller_27
PID1530,Sebamed Baby Lotion,20416.07,Out of Stock,3.7,849,Seller_5
PID1531,Classic Novel,29991.81,Out of Stock,1.4,752,Seller_3
PID1532,Frozen Pizza,24917.6,In Stock,4,198,Seller_48
PID1533,Colorbar Eye Shadow Palette,11330.92,In Stock,1.8,301,Seller_93
PID1534,boAt Rockerz 255 Pro+,15495.25,In Stock,2,91,Seller_36
PID1535,Puma Gym Duffle Bag,75857.43,Out of Stock,3,276,Seller_30
PID1536,Royal Canin Labrador Feed,12789.82,In Stock,1.7,236,Seller_81
PID1537,Biba Ethnic Kurta,8173.09,In Stock,1.3,540,Seller_18
PID1538,Adidas Yoga Mat,13900.94,Out of Stock,1.3,229,Seller_95
PID1539,Whiskas Chicken Gravy,3664.41,Out of Stock,1.2,957,Seller_82
PID1540,Cereal,9563.48,Out of Stock,4.3,187,Seller_29
PID1541,Fisher-Price Baby Walker,6258.66,Out of Stock,4.8,828,Seller_27
PID1542,boAt Storm Call 2,611.56,Out of Stock,3.9,761,Seller_58
PID1543,Apple TV 4K,27196.33,In Stock,2.2,87,Seller_77
PID1544,Havells Room Heater,18811.16,Out of Stock,4.7,536,Seller_90
PID1545,Prestige Pressure Cooker 5L,5564.99,Out of Stock,1.5,639,Seller_48
PID1546,Peanut Butter,3282.16,Out of Stock,3.7,515,Seller_44
PID1547,Garnier Micellar Water,20377.09,Out of Stock,3.9,966,Seller_74
PID1548,Philips Soundbar TAB5305,15945.02,Out of Stock,2,605,Seller_32
PID1549,Butterfly Jet Elite Mixer,1590.17,In Stock,2.7,499,Seller_93
PID1550,Jockey Briefs Pack,7946.4,Out of Stock,3.1,699,Seller_53
PID1551,Maybelline Hypercurl Mascara,17117.54,Out of Stock,4.1,433,Seller_97
PID1552,Toy Car,46393.01,In Stock,3,392,Seller_17
PID1553,Wacom One Graphic Tablet,14242.98,In Stock,2.1,686,Seller_30
PID1554,MCaffeine Body Butter,21978.01,Out of Stock,4.3,39,Seller_89
PID1555,Kong Chew Toy for Dogs,12701,In Stock,4.5,884,Seller_42
PID1556,H&M Denim Jacket,3113.3,In Stock,1.1,603,Seller_8
PID1557,Peter England Polo T-Shirt,1205.18,Out of Stock,1.9,465,Seller_22
PID1558,Clinic Plus Hair Oil,19000.86,Out of Stock,1.9,371,Seller_22
PID1559,Butterfly Rapid Toaster,1316.56,Out of Stock,3.6,696,Seller_88
PID1560,Car Jack,17749.95,In Stock,1.9,686,Seller_96
PID1561,Phillauri Attar Perfume,6939.85,In Stock,4.1,192,Seller_100
PID1562,Car Cover,6318.49,In Stock,2.5,530,Seller_77
PID1563,History Book,513.81,Out of Stock,4.1,366,Seller_73
PID1564,Protein Bars,31294.07,In Stock,3.1,418,Seller_36
PID1565,Pedigree Puppy Starter,8971.79,In Stock,3.1,823,Seller_97
PID1566,Decathlon Trekking Bag,906.04,Out of Stock,3.4,623,Seller_84
PID1567,Acer Predator Helios 300,4656.01,Out of Stock,1,560,Seller_66
PID1568,Loreal Hair Spa Cream,36262.19,Out of Stock,2.7,225,Seller_61
PID1569,Levi's Slim Fit Jeans,14581.96,Out of Stock,2.8,827,Seller_26
PID1570,Kong Chew Toy for Dogs,15759.89,In Stock,2.2,288,Seller_12
PID1571,Puma Sports T-shirt,63773.98,Out of Stock,4.9,703,Seller_72
PID1572,Sony Alpha ZV-E10,16465.17,Out of Stock,3,172,Seller_74
PID1573,Titan Analog Watch,15741.12,In Stock,4.5,843,Seller_35
PID1574,Havells Room Heater,12976.75,In Stock,3.6,496,Seller_81
PID1575,Decathlon Trekking Bag,2853.61,In Stock,2.5,883,Seller_84
PID1576,Marshall Emberton II,1897.2,Out of Stock,4.9,266,Seller_69
PID1577,Philips Soundbar TAB5305,27849.02,Out of Stock,4.2,634,Seller_15
PID1578,Chip Chops Dog Treats,12556.85,In Stock,2.1,828,Seller_81
PID1579,Dove Intense Repair Mask,8489.09,In Stock,2.1,834,Seller_45
PID1580,Farmina N&D Pet Food,14152.68,In Stock,3.7,906,Seller_73
PID1581,Zivame Women’s Lingerie Set,39221.27,In Stock,1.9,236,Seller_94
PID1582,Apple iPhone 14,41946.36,Out of Stock,4.8,710,Seller_6
PID1583,JBL Tune 760NC,13821.31,In Stock,3.2,380,Seller_77
PID1584,Butterfly Jet Elite Mixer,25702.63,In Stock,2.7,276,Seller_97
PID1585,Sony WH-CH520,6383.57,In Stock,2.2,211,Seller_97
PID1586,Tupperware Bottle 1L,336.55,Out of Stock,3,521,Seller_88
PID1587,Wildcraft Rain Jacket,431.98,Out of Stock,2.7,675,Seller_54
PID1588,Air Freshener,471.33,Out of Stock,4.8,245,Seller_36
PID1589,Petcrux Calcium Bone,16392.7,In Stock,3.5,319,Seller_12
PID1590,Tire Inflator,5025.99,In Stock,4.1,573,Seller_67
PID1591,Dell XPS 13,9720.86,In Stock,3.8,832,Seller_90
PID1592,Drools Adult Dry Food,2227.86,Out of Stock,2.5,741,Seller_68
PID1593,Short Story Collection,8968.85,In Stock,1.7,158,Seller_82
PID1594,Realme Buds Air 5,26975.9,In Stock,1.4,143,Seller_80
PID1595,Doll House,1474.49,In Stock,3.5,538,Seller_12
PID1596,Dark Chocolate,27034.75,Out of Stock,1,965,Seller_79
PID1597,Car Cover,4721.84,In Stock,3.6,260,Seller_73
PID1598,Brake Pads,657.64,In Stock,3.6,866,Seller_99
PID1599,Van Heusen Blazer,273.56,Out of Stock,3.8,54,Seller_87
PID1600,Instant Coffee,2783.35,In Stock,4.2,360,Seller_95
PID1601,Xiaomi Smart Air Purifier 4,11865.02,Out of Stock,4.5,350,Seller_97
PID1602,Fire-Boltt Hulk Smartwatch,3951.7,Out of Stock,3,804,Seller_97
PID1603,Acer Predator Helios 300,357.24,Out of Stock,3.3,572,Seller_71
PID1604,Goofy Tails Cat Bed,2073.35,In Stock,3.3,966,Seller_86
PID1605,Art Book,14362.58,In Stock,2.5,386,Seller_62
PID1606,Crompton Water Geyser,698.37,Out of Stock,1.6,327,Seller_62
PID1607,Philips Mixer Grinder,32320.24,Out of Stock,2.5,109,Seller_38
PID1608,Trixie Cat Scratching Post,15599.1,In Stock,5,146,Seller_97
PID1609,Fresh Apples,2102.15,Out of Stock,2.6,74,Seller_90
PID1610,Engine Oil,877.89,Out of Stock,2.1,73,Seller_82
PID1611,Biba Lehenga Set,20085.55,In Stock,2.5,940,Seller_52
PID1612,Science Kit,25488.12,In Stock,2.4,559,Seller_95
PID1613,Me-O Tuna Wet Food,3095.54,In Stock,2,552,Seller_52
PID1614,Zara Maxi Dress,26295.85,In Stock,4.3,487,Seller_34
PID1615,Johnson's Baby Shampoo,1857.57,In Stock,1.2,358,Seller_32
PID1616,AmazonBasics Dog Bed,2489.58,In Stock,2.5,62,Seller_97
PID1617,Drools Adult Dry Food,698.38,Out of Stock,1.9,935,Seller_13
PID1618,Car Wax,65465.1,Out of Stock,4.3,432,Seller_30
PID1619,Health Book,18832.36,Out of Stock,1.5,898,Seller_41
PID1620,HP Pavilion x360,6351.11,Out of Stock,4.5,559,Seller_68
PID1621,Thriller Novel,6833.94,Out of Stock,1.6,247,Seller_68
PID1622,Asus ROG Strix G15,9576.57,Out of Stock,2.9,824,Seller_57
PID1623,Canned Soup,15051.17,Out of Stock,3.6,447,Seller_98
PID1624,Samsung Sound Tower MX-T50,15647.24,Out of Stock,4.9,639,Seller_23
PID1625,Smarty Pet Leash Harness,5723.03,Out of Stock,4.9,147,Seller_17
PID1626,Ray-Ban Sunglasses,11832.1,In Stock,3.9,765,Seller_46
PID1627,Beardo Face Serum,15075.68,Out of Stock,3,920,Seller_15
PID1628,Tupperware Bottle 1L,266.03,Out of Stock,3.2,808,Seller_93
PID1629,Nike Running Shoes,832.07,In Stock,4.2,18,Seller_99
PID1630,Echo Dot 5th Gen,58501.22,In Stock,4.4,763,Seller_68
PID1631,Philips Induction Cooktop,22432.57,Out of Stock,2.4,495,Seller_94
PID1632,Toy Soldier,15692.15,Out of Stock,1.7,882,Seller_75
PID1633,Tresemme Keratin Shampoo,10876.21,In Stock,3.8,34,Seller_67
PID1634,JBL Tune 760NC,392.91,In Stock,3,500,Seller_39
PID1635,Dark Chocolate,6876.96,In Stock,3.8,165,Seller_72
PID1636,Nykaa Lip Crayon,16445.9,Out of Stock,2.4,616,Seller_63
PID1637,Canned Soup,803.16,In Stock,1.3,789,Seller_90
PID1638,Doll House,684.64,In Stock,4.3,125,Seller_30
PID1639,Cereal,879.11,In Stock,1.4,910,Seller_68
PID1640,Cookbook,891.39,In Stock,2.8,249,Seller_15
PID1641,Ray-Ban Aviator Sunglasses,1034.03,In Stock,1.6,443,Seller_59
PID1642,Prestige Electric Kettle,6895.43,Out of Stock,4,107,Seller_59
PID1643,Adidas Track Pants,5114.21,In Stock,2.5,674,Seller_83
PID1644,Play Kitchen,3434.17,Out of Stock,3.8,149,Seller_53
PID1645,Tresemme Keratin Shampoo,26792.45,Out of Stock,1.3,270,Seller_6
PID1646,H&M Cotton Printed Shirt,18214.18,Out of Stock,3.4,207,Seller_20
PID1647,Petmate Water Dispenser,1422.38,Out of Stock,2.4,964,Seller_8
PID1648,Sugar Matte Lipstick,11900.82,In Stock,2.2,876,Seller_12
PID1649,Nike Dri-FIT Shorts,1545.48,In Stock,2,808,Seller_84
PID1650,Comic Book,11519.02,In Stock,1.2,850,Seller_4
PID1651,Smarty Pet Cat Collar,1657.61,In Stock,4.9,711,Seller_10
PID1652,Travel Guide,1256.31,In Stock,2.8,798,Seller_81
PID1653,Fishing Rod,7581.68,In Stock,3,502,Seller_12
PID1654,Chip Chops Dog Treats,6645.4,In Stock,2.6,375,Seller_43
PID1655,Train Set,5975.63,In Stock,4.2,856,Seller_53
PID1656,Ray-Ban Sunglasses,7452.51,In Stock,4.6,425,Seller_42
PID1657,Sony Alpha ZV-E10,1152.94,Out of Stock,2.3,559,Seller_84
PID1658,Canned Soup,1362.65,In Stock,2,137,Seller_65
PID1659,Lakme 9to5 Lipstick Set,23260.35,Out of Stock,1.6,878,Seller_47
PID1660,Syska WiFi Plug,9224.37,Out of Stock,3.5,935,Seller_95
PID1661,Dark Chocolate,9871.89,In Stock,1.2,681,Seller_Unknown
PID1662,Bajaj Air Cooler 36L,18567.47,In Stock,2.6,260,Seller_46
PID1663,Lakme Eyeconic Kajal,22792.01,In Stock,3.3,15,Seller_23
PID1664,Kong Chew Toy for Dogs,1466.93,Out of Stock,1.3,902,Seller_67
PID1665,Smarty Pet Leash Harness,5178.77,Out of Stock,4.5,329,Seller_43
PID1666,Havells Room Heater,2836.6,Out of Stock,2.5,887,Seller_1
PID1667,Air Freshener,7266.57,In Stock,3.7,571,Seller_15
PID1668,Nivea Soft Cream,6166.41,Out of Stock,1,694,Seller_87
PID1669,Poetry Book,9053.29,In Stock,2.5,270,Seller_44
PID1670,Lakme 9to5 Lipstick Set,2848.59,Out of Stock,3.3,880,Seller_73
PID1671,Nike Running Shoes,17986.93,Out of Stock,2.8,976,Seller_44
PID1672,Enamor Sports Bra,1262.22,In Stock,4,550,Seller_Unknown
PID1673,Toy Soldier,16210.83,In Stock,4.1,966,Seller_35
PID1674,Roof Rack,35779.76,In Stock,2.8,826,Seller_54
PID1675,Toy Soldier,14740.97,Out of Stock,3.7,70,Seller_79
PID1676,Daikin Inverter Split AC,13402.92,Out of Stock,4.2,572,Seller_65
PID1677,Prestige Electric Kettle,8258.18,Out of Stock,3.1,606,Seller_Unknown
PID1678,Dogsee Chew Bars,1945.05,Out of Stock,1.4,490,Seller_82
PID1679,Redragon K552 Mechanical Keyboard,17377.39,In Stock,2.2,558,Seller_23
PID1680,Asus ROG Strix G15,24695.09,Out of Stock,1,523,Seller_15
PID1681,Lakme 9to5 Lipstick Set,664.23,In Stock,4.4,846,Seller_52
PID1682,Van Heusen Blazer,3832.31,In Stock,2.1,342,Seller_7
PID1683,Card Game,13538.54,Out of Stock,1.9,737,Seller_49
PID1684,Pond's Bright Beauty Cream,27930.72,Out of Stock,4.5,621,Seller_59
PID1685,Chip Chops Dog Treats,8484.41,Out of Stock,3.3,112,Seller_93
PID1686,Frozen Pizza,17448.25,In Stock,2.2,74,Seller_11
PID1687,MCaffeine Face Wash,4415.69,In Stock,3.1,520,Seller_74
PID1688,Royal Canin Labrador Feed,7810.18,Out of Stock,4.3,140,Seller_38
PID1689,Art Book,3049.54,In Stock,3.9,265,Seller_67
PID1690,Model Train,5058.08,In Stock,2.6,605,Seller_67
PID1691,Daikin Inverter Split AC,8796.01,Out of Stock,1.8,332,Seller_16
PID1692,Petmate Water Dispenser,5322.3,Out of Stock,1.8,597,Seller_52
PID1693,Mystery Novel,7802.61,In Stock,2.5,102,Seller_43
PID1694,Fitbit Charge 5,433.03,In Stock,1.9,512,Seller_40
PID1695,Wow Aloe Vera Gel,6300.89,In Stock,4.4,798,Seller_100
PID1696,Art Book,7571.45,In Stock,3.7,186,Seller_56
PID1697,Asus ROG Strix G15,11834.15,Out of Stock,4.4,936,Seller_18
PID1698,Air Freshener,16577.2,Out of Stock,2.2,345,Seller_80
PID1699,Sugar Matte Lipstick,41085.51,In Stock,4.2,496,Seller_43
PID1700,Butterfly Jet Elite Mixer,5559.6,In Stock,2.6,622,Seller_39
PID1701,Petmate Water Dispenser,3021.12,Out of Stock,3.6,103,Seller_78
PID1702,Samsung Galaxy Buds 2 Pro,14127.57,In Stock,4.2,901,Seller_87
PID1703,Decathlon Trekking Bag,3121.09,Out of Stock,3.4,262,Seller_15
PID1704,boAt Storm Call 2,2837.87,In Stock,1.4,806,Seller_20
PID1705,Wow Aloe Vera Gel,1981.93,Out of Stock,4.9,360,Seller_19
PID1706,Decathlon Trekking Bag,10144.97,In Stock,2.8,981,Seller_29
PID1707,Kong Rubber Ball Toy,32585.1,Out of Stock,3.5,666,Seller_69
PID1708,Play Kitchen,838.46,In Stock,2.1,812,Seller_94
PID1709,Titan Analog Watch,10318.09,In Stock,3.4,362,Seller_6
PID1710,Fiction Novel,2304.66,Out of Stock,3.6,739,Seller_83
PID1711,Chip Chops Dog Treats,12114.96,Out of Stock,3.7,367,Seller_28
PID1712,Puma Gym Duffle Bag,1048.84,In Stock,4.9,932,Seller_88
PID1713,Wildcraft Rain Jacket,8530.9,Out of Stock,3.9,592,Seller_98
PID1714,OnePlus Nord CE 3 Lite,10921.84,Out of Stock,4.3,245,Seller_55
PID1715,Model Train,9330.53,In Stock,3.4,558,Seller_10
PID1716,Marshall Emberton II,67296.46,In Stock,3,289,Seller_40
PID1717,Farmina N&D Pet Food,77377.02,In Stock,1.2,819,Seller_19
PID1718,Sony WH-CH520,2127.17,In Stock,3.9,636,Seller_47
PID1719,Colorbar Eye Shadow Palette,29503.83,Out of Stock,3.4,771,Seller_65
PID1720,Havells Immersion Rod,75375.53,Out of Stock,1.5,482,Seller_59
PID1721,Sugar Matte Lipstick,8068.09,In Stock,4.1,214,Seller_Unknown
PID1722,Poetry Book,292.84,Out of Stock,4,427,Seller_49
PID1723,Realme Watch 3 Pro,2249.25,In Stock,2.7,51,Seller_49
PID1724,Enamor Sports Bra,17532.06,In Stock,3.3,876,Seller_77
PID1725,Epson EcoTank L3250,16915.66,Out of Stock,4.4,155,Seller_54
PID1726,Self-Help Book,505.34,In Stock,3.5,337,Seller_15
PID1727,Biba Ethnic Kurta Set,8055.04,In Stock,3.2,893,Seller_38
PID1728,Realme Smart Cam 360,2415.46,Out of Stock,3.9,132,Seller_13
PID1729,Heads Up For Tails Harness,5495.12,Out of Stock,4.3,456,Seller_12
PID1730,Daikin Inverter Split AC,495.68,In Stock,1.2,449,Seller_68
PID1731,Royal Canin Persian Kitten,20457.08,In Stock,1.2,829,Seller_49
PID1732,Loreal Paris Night Cream,10078.4,Out of Stock,3.2,15,Seller_28
PID1733,Levi's Graphic Tee,44229.91,Out of Stock,3.6,746,Seller_56
PID1734,Flying Machine Cargo Pants,31912.29,In Stock,1.1,634,Seller_3
PID1735,Fossil Hybrid HR,35210.82,Out of Stock,3.4,396,Seller_87
PID1736,Toy Robot,6068.94,Out of Stock,1.4,536,Seller_6
PID1737,Pigeon Non-stick Tawa,66244.96,Out of Stock,4.6,482,Seller_33
PID1738,Garnier Micellar Water,9063.13,Out of Stock,1.7,429,Seller_59
PID1739,LG Washing Machine 7kg,1193.14,Out of Stock,3.5,632,Seller_13
PID1740,Ray-Ban Aviator Sunglasses,1441.77,In Stock,1,957,Seller_17
PID1741,Organic Pasta,3363.09,Out of Stock,2.1,661,Seller_82
PID1742,Almond Milk,2268.07,Out of Stock,3.7,908,Seller_89
PID1743,Fossil Hybrid HR,42704.03,Out of Stock,3.1,625,Seller_61
PID1744,Crompton Water Geyser,10056.3,In Stock,1.5,803,Seller_46
PID1745,Syska WiFi Plug,22539.58,In Stock,3.3,243,Seller_61
PID1746,Car Polish,11948.01,Out of Stock,1,760,Seller_83
PID1747,Royal Canin Labrador Feed,16763.03,In Stock,4,459,Seller_45
PID1748,Self-Help Book,36352.41,In Stock,4.2,818,Seller_43
PID1749,Car Jack,9476.3,Out of Stock,1.9,331,Seller_39
PID1750,Dark Chocolate,2779.51,In Stock,1.6,736,Seller_74
PID1751,Prestige Electric Kettle,28237.08,Out of Stock,2.9,383,Seller_45
PID1752,Van Heusen Blazer,1920.35,In Stock,1.3,404,Seller_96
PID1753,Nivea Soft Cream,10512.73,In Stock,4,26,Seller_70
PID1754,Lenovo ThinkPad E14,450.69,Out of Stock,4.5,803,Seller_80
PID1755,Zivame Maternity Nightwear,31966.98,In Stock,1.7,500,Seller_37
PID1756,Clinic Plus Hair Oil,6390.69,In Stock,4.8,481,Seller_42
PID1757,Eureka Forbes Vacuum Cleaner,13569.8,In Stock,3.8,119,Seller_68
PID1758,History Book,72041.94,Out of Stock,4.3,898,Seller_17
PID1759,Faces Canada Compact,1619.47,Out of Stock,2.4,613,Seller_59
PID1760,Car Polish,539.86,Out of Stock,3.4,140,Seller_11
PID1761,Fisher-Price Baby Walker,761.1,Out of Stock,3,422,Seller_97
PID1762,Syska WiFi Plug,10691.08,In Stock,2.4,841,Seller_51
PID1763,boAt Rockerz 255 Pro+,15006.95,In Stock,2.8,918,Seller_17
PID1764,Adidas Yoga Mat,7514.93,Out of Stock,3.4,655,Seller_20
PID1765,Syska WiFi Plug,17526.8,Out of Stock,2.5,24,Seller_74
PID1766,Realme Buds Air 5,2311.13,Out of Stock,2.5,855,Seller_52
PID1767,Butterfly Jet Elite Mixer,35193.86,In Stock,1,32,Seller_23
PID1768,Clinic Plus Hair Oil,8881,Out of Stock,1.7,861,Seller_96
PID1769,Brake Pads,66594.3,In Stock,1.4,177,Seller_90
PID1770,Clinic Plus Hair Oil,1926.29,In Stock,1.2,681,Seller_56
PID1771,Colorbar Nail Polish Combo,25501.05,Out of Stock,4.7,493,Seller_13
PID1772,Farmina N&D Pet Food,14561.65,Out of Stock,3.4,907,Seller_44
PID1773,Peter England Polo T-Shirt,12521.33,In Stock,3.1,650,Seller_27
PID1774,Dell XPS 13,2412.16,In Stock,3.7,114,Seller_83
PID1775,Farmina Matisse Cat Feed,534.76,Out of Stock,2.7,183,Seller_16
PID1776,Alienware m15 Gaming Laptop,6116.66,Out of Stock,2.1,52,Seller_20
PID1777,Fresh Oranges,18195.19,In Stock,2,67,Seller_39
PID1778,Adidas Track Pants,59002.74,Out of Stock,4.8,678,Seller_93
PID1779,Loreal Paris Night Cream,6590.9,In Stock,1.9,365,Seller_82
PID1780,Engine Oil,28063.99,In Stock,2.6,461,Seller_95
PID1781,Cereal,16739.01,In Stock,1,220,Seller_43
PID1782,Puzzle,6669.08,Out of Stock,3.2,497,Seller_41
PID1783,Car Wax,30927.2,In Stock,3.5,310,Seller_96
PID1784,Health Book,2969.49,Out of Stock,2.8,843,Seller_44
PID1785,Prestige Pressure Cooker 5L,27317.6,Out of Stock,4.7,548,Seller_33
PID1786,Sugar Matte Lipstick,6042.22,Out of Stock,1.6,239,Seller_25
PID1787,Apple TV 4K,12624.69,In Stock,3.9,330,Seller_6
PID1788,Green Tea,14398.17,In Stock,1.1,19,Seller_20
PID1789,Me-O Tuna Wet Food,9499.19,In Stock,3.4,861,Seller_83
PID1790,Clinic Plus Hair Oil,16501.36,Out of Stock,4.5,51,Seller_73
PID1791,Toy Car,18000.67,Out of Stock,1.2,609,Seller_8
PID1792,Sony WH-CH520,12894.27,Out of Stock,3.9,495,Seller_20
PID1793,Science Kit,15480.63,In Stock,1.3,137,Seller_88
PID1794,Toy Soldier,1706.3,In Stock,3.8,102,Seller_30
PID1795,Zara Maxi Dress,35012.83,In Stock,3.8,592,Seller_35
PID1796,Honor Band 6,37352.61,In Stock,2.2,819,Seller_56
PID1797,Tresemme Keratin Shampoo,23040.19,In Stock,4.5,390,Seller_15
PID1798,Asus ROG Strix G15,21202.87,In Stock,3.3,160,Seller_27
PID1799,Furminator Grooming Brush,1860.5,In Stock,1.3,492,Seller_32
PID1800,Philips Soundbar TAB5305,14291.15,In Stock,2.2,514,Seller_78
PID1801,Card Game,16440.43,In Stock,1.9,614,Seller_68
PID1802,Card Game,8771.44,In Stock,2.2,243,Seller_16
PID1803,Asus ROG Strix G15,50503.63,In Stock,3.6,353,Seller_22
PID1804,Pigeon Non-stick Tawa,13299.79,Out of Stock,2.7,821,Seller_3
PID1805,Seat Covers,2235.69,In Stock,2,522,Seller_75
PID1806,Syska WiFi Plug,18720.16,Out of Stock,3.3,423,Seller_46
PID1807,Pedigree Puppy Starter,27841.49,Out of Stock,2.9,180,Seller_1
PID1808,Havells Immersion Rod,11545.56,Out of Stock,3.9,901,Seller_4
PID1809,Art Book,403.83,Out of Stock,4,900,Seller_27
PID1810,Himalaya Diaper Rash Cream,1972.71,Out of Stock,2.2,266,Seller_77
PID1811,Furminator Grooming Brush,21053,Out of Stock,4.2,909,Seller_72
PID1812,Toy Car,424.39,In Stock,3.9,190,Seller_74
PID1813,Allen Solly Formal Trousers,18456.42,Out of Stock,4.1,956,Seller_23
PID1814,Graphic Novel,1765.81,In Stock,3.6,379,Seller_37
PID1815,Furminator Grooming Brush,21234.68,Out of Stock,4.8,456,Seller_84
PID1816,Fresh Oranges,1814.7,Out of Stock,1.6,348,Seller_93
PID1817,Havells Room Heater,12571.08,Out of Stock,3.4,672,Seller_87
PID1818,Board Game,1841.66,In Stock,3.5,765,Seller_61
PID1819,Drools Adult Dry Food,5227.4,In Stock,2.5,800,Seller_67
PID1820,Organic Pasta,65214.01,Out of Stock,5,932,Seller_Unknown
PID1821,Biography,544,In Stock,3.4,133,Seller_52
PID1822,Seat Covers,30012.44,In Stock,3.2,523,Seller_26
PID1823,Comic Book,4282.6,Out of Stock,1.3,455,Seller_44
PID1824,Petmate Water Dispenser,13666.19,Out of Stock,1.5,152,Seller_17
PID1825,Fresh Oranges,1855.74,In Stock,2.9,117,Seller_61
PID1826,HP Pavilion x360,3790.29,In Stock,4.3,354,Seller_35
PID1827,Cookbook,824.52,In Stock,2.8,195,Seller_87
PID1828,Mamaearth Vitamin C Serum,29762.55,In Stock,1.7,122,Seller_71
PID1829,Green Tea,1013.99,In Stock,3.6,475,Seller_19
PID1830,Google Chromecast Ultra,751.35,Out of Stock,5,932,Seller_93
PID1831,PetKin Tooth Wipes,4798.18,Out of Stock,4.4,114,Seller_97
PID1832,Comic Book,15564.28,Out of Stock,1.2,821,Seller_19
PID1833,Puzzle,517.5,In Stock,4.1,134,Seller_61
PID1834,Sebamed Baby Lotion,10218.17,In Stock,1.3,448,Seller_69
PID1835,Fresh Apples,954.07,Out of Stock,1.5,137,Seller_Unknown
PID1836,Honey,13748.23,Out of Stock,4.2,627,Seller_63
PID1837,Milton Insulated Tiffin Box,32179.54,In Stock,2.5,704,Seller_66
PID1838,Drools Adult Dry Food,1245.06,In Stock,4.9,662,Seller_20
PID1839,Philips Mixer Grinder,6506.51,Out of Stock,4.4,489,Seller_70
PID1840,Amazon Fire TV Stick 4K,1510.68,Out of Stock,2.8,57,Seller_53
PID1841,Philips Induction Cooktop,54765.3,In Stock,1.6,143,Seller_72
PID1842,Wow Aloe Vera Gel,3971.7,Out of Stock,1.2,859,Seller_1
PID1843,HP 15s Laptop,9630.17,In Stock,4.3,380,Seller_47
PID1844,Royal Canin Labrador Feed,2485.34,Out of Stock,5,205,Seller_75
PID1845,Farmina N&D Pet Food,1302.41,Out of Stock,1.8,194,Seller_Unknown
PID1846,Jockey Briefs Pack,2164.32,Out of Stock,4.5,510,Seller_94
PID1847,Almond Milk,9970.31,Out of Stock,4.7,105,Seller_59
PID1848,Fossil Hybrid HR,15414.31,In Stock,1.7,551,Seller_87
PID1849,Nike Dri-FIT Shorts,6156.16,Out of Stock,2.9,741,Seller_69
PID1850,Peanut Butter,1286.02,In Stock,3.3,644,Seller_17
PID1851,Biba Lehenga Set,1549.93,In Stock,4.1,152,Seller_8
PID1852,H&M Denim Jacket,5642.69,Out of Stock,4.5,182,Seller_56
PID1853,Petcrux Calcium Bone,9031.52,Out of Stock,4.2,245,Seller_71
PID1854,Alienware m15 Gaming Laptop,569.25,Out of Stock,1.5,539,Seller_78
PID1855,Flying Machine Cargo Pants,8436.82,Out of Stock,4.7,594,Seller_45
PID1856,Alienware m15 Gaming Laptop,1212.72,Out of Stock,2.6,744,Seller_36
PID1857,Maybelline Fit Me Foundation,1468.99,Out of Stock,4.5,560,Seller_82
PID1858,MCaffeine Coffee Body Scrub,14338.61,Out of Stock,1.9,244,Seller_12
PID1859,Car Vacuum,1781.32,In Stock,2.4,771,Seller_26
PID1860,Protein Bars,23422.96,In Stock,1.7,77,Seller_56
PID1861,Gnawlers Jerky Treats,11605.58,Out of Stock,4.5,184,Seller_1
PID1862,Trixie Cat Scratching Post,10725.61,In Stock,4.3,817,Seller_99
PID1863,Prestige Electric Kettle,6779.21,In Stock,3,905,Seller_66
PID1864,Smarty Pet Cat Collar,12442.36,Out of Stock,2.5,630,Seller_41
PID1865,Crompton Water Geyser,46973.02,In Stock,2.3,532,Seller_69
PID1866,Puzzle,7054.37,In Stock,2.5,935,Seller_26
PID1867,Car Vacuum,4957.24,In Stock,4.5,442,Seller_46
PID1868,Google Chromecast Ultra,17304.82,In Stock,4.2,202,Seller_80
PID1869,Fitbit Charge 5,37898.5,Out of Stock,4.2,803,Seller_Unknown
PID1870,Fire-Boltt Hulk Smartwatch,11637.96,In Stock,1.7,638,Seller_66
PID1871,Tresemme Keratin Shampoo,11559.04,In Stock,4.9,10,Seller_89
PID1872,Fire-Boltt Hulk Smartwatch,26115.98,Out of Stock,1.9,634,Seller_72
PID1873,Nykaa Lip Crayon,10513.99,In Stock,4.2,161,Seller_95
PID1874,Car Jack,1443.82,Out of Stock,2.7,222,Seller_43
PID1875,Wrogn Slim Fit Shirt,7089.95,In Stock,4.3,266,Seller_52
PID1876,Havells Immersion Rod,14461.46,Out of Stock,2.1,876,Seller_38
PID1877,Tire Inflator,20006.47,Out of Stock,1.1,756,Seller_19
PID1878,Toy Robot,178.58,Out of Stock,2.7,921,Seller_75
PID1879,Mi Smart LED Bulb,3562.99,Out of Stock,3.3,291,Seller_90
PID1880,Science Kit,10011.92,Out of Stock,2.1,150,Seller_45
PID1881,Puma Sports T-shirt,16961.37,Out of Stock,3.9,649,Seller_28
PID1882,Sony SRS-XB13,982.91,In Stock,4.7,698,Seller_38
PID1883,Trixie Cat Scratching Post,3050.66,Out of Stock,4.8,810,Seller_40
PID1884,Comic Book,12058.77,In Stock,2.5,341,Seller_Unknown
PID1885,Enamor Sports Bra,18390.85,Out of Stock,3.3,993,Seller_59
PID1886,Sebamed Baby Lotion,1992.96,In Stock,1.2,691,Seller_32
PID1887,Cereal,10289.13,Out of Stock,4.3,121,Seller_18
PID1888,Google Chromecast Ultra,2936.31,In Stock,1.6,931,Seller_53
PID1889,Levi's Graphic Tee,23237.91,Out of Stock,1.1,87,Seller_61
PID1890,Thriller Novel,21862.42,Out of Stock,1.9,83,Seller_98
PID1891,Nike Air Max Running Shoes,25815.2,Out of Stock,2.5,489,Seller_15
PID1892,Dell XPS 13,16689.29,Out of Stock,1.8,407,Seller_1
PID1893,Fisher-Price Baby Walker,914.93,Out of Stock,4.3,568,Seller_99
PID1894,Fiction Novel,10120.85,In Stock,1.8,206,Seller_6
PID1895,Apple iPhone 14,8994.39,Out of Stock,1,123,Seller_47
PID1896,Peter England Polo T-Shirt,26986.08,Out of Stock,4.4,270,Seller_19
PID1897,Apple TV 4K,17978.55,In Stock,4,106,Seller_80
PID1898,Butterfly Jet Elite Mixer,818.55,In Stock,4.7,120,Seller_2
PID1899,Canned Soup,1556.98,Out of Stock,1.5,826,Seller_86
PID1900,Art Book,7028.7,Out of Stock,4.7,106,Seller_75
PID1901,Redragon K552 Mechanical Keyboard,752.06,Out of Stock,3.3,101,Seller_81
PID1902,Roof Rack,2967.1,In Stock,1.6,937,Seller_77
PID1903,Colorbar Eye Shadow Palette,48728.12,Out of Stock,4.4,141,Seller_79
PID1904,Marshall Emberton II,8717.78,Out of Stock,1.4,628,Seller_17
PID1905,Realme Narzo 50A,71950.38,In Stock,2.6,624,Seller_93
PID1906,Redragon K552 Mechanical Keyboard,32880.3,In Stock,1.5,569,Seller_75
PID1907,Syska WiFi Plug,14330.88,Out of Stock,2.2,810,Seller_2
PID1908,Realme Watch 3 Pro,4113.52,Out of Stock,1.7,924,Seller_67
PID1909,Philips Mixer Grinder,5881.48,Out of Stock,2.7,857,Seller_16
PID1910,Card Game,1811.86,Out of Stock,3.9,279,Seller_55
PID1911,Kong Chew Toy for Dogs,877.38,In Stock,2.8,834,Seller_15
PID1912,Dogsee Chew Bars,51811.17,Out of Stock,4.8,73,Seller_30
PID1913,Samsung Galaxy Watch 6,12872.94,Out of Stock,4.7,742,Seller_28
PID1914,Colorbar Nail Polish Combo,8415.09,In Stock,4.1,24,Seller_74
PID1915,Havells Room Heater,985.03,In Stock,1.9,832,Seller_Unknown
PID1916,Amazon Fire TV Stick 4K,9327.85,In Stock,4.7,75,Seller_44
PID1917,Epson EcoTank L3250,9510.31,Out of Stock,2.5,777,Seller_66
PID1918,Fresh Oranges,11525.01,In Stock,4.2,466,Seller_93
PID1919,Loreal Paris Night Cream,3232.21,In Stock,2.4,621,Seller_67
PID1920,Car Stereo,21777.47,Out of Stock,1,107,Seller_83
PID1921,Reebok Training Shorts,1513.55,In Stock,1.6,738,Seller_70
PID1922,Faces Canada Compact,1810.19,In Stock,3.8,371,Seller_63
PID1923,Havells Immersion Rod,8098.62,In Stock,3.6,677,Seller_27
PID1924,Puma Gym Duffle Bag,1333.12,In Stock,1.3,931,Seller_68
PID1925,Epson EcoTank L3250,165.16,In Stock,2.7,640,Seller_43
PID1926,Non-Fiction Book,8572.25,In Stock,1.5,381,Seller_39
PID1927,Frozen Pizza,16707.39,Out of Stock,2.9,335,Seller_72
PID1928,HP DeskJet Ink Advantage,16020.22,In Stock,2.5,489,Seller_57
PID1929,Colorbar Nail Polish Combo,4090.95,Out of Stock,2.1,908,Seller_45
PID1930,Fitbit Charge 5,3217.44,Out of Stock,4.5,510,Seller_49
PID1931,Lego Set,33562.28,Out of Stock,2.4,445,Seller_72
PID1932,Blue Star Window AC 1.5 Ton,19695.84,In Stock,2.5,80,Seller_74
PID1933,Farmina N&D Pet Food,16245.02,Out of Stock,4.4,139,Seller_94
PID1934,Play Mat,5978.7,In Stock,2.3,216,Seller_15
PID1935,Dark Chocolate,25423.05,Out of Stock,2.9,555,Seller_69
PID1936,Bajaj Air Cooler 36L,1238.85,Out of Stock,4.1,225,Seller_23
PID1937,Amazfit GTS 4 Mini,2751.47,Out of Stock,4,465,Seller_8
PID1938,Thriller Novel,2796.15,In Stock,2.5,889,Seller_61
PID1939,Lakme Eyeconic Kajal,5976.91,In Stock,1.4,235,Seller_79
PID1940,Fishing Rod,5844.08,In Stock,3.3,340,Seller_19
PID1941,Roof Rack,5764.69,Out of Stock,3.2,812,Seller_15
PID1942,boAt Rockerz 255 Pro+,1372.56,Out of Stock,4.3,605,Seller_19
PID1943,Zivame Maternity Nightwear,8382.55,Out of Stock,1,632,Seller_6
PID1944,Smarty Pet Cat Collar,2461,Out of Stock,4.7,591,Seller_96
PID1945,Maybelline Fit Me Foundation,131.89,Out of Stock,1.5,134,Seller_11
PID1946,Woodland Leather Shoes,446.39,In Stock,3.7,905,Seller_84
PID1947,Organic Pasta,22550.46,Out of Stock,4.8,104,Seller_18
PID1948,Gnawlers Jerky Treats,26342.81,In Stock,1.8,546,Seller_62
PID1949,Wow Aloe Vera Gel,24299.11,Out of Stock,4.6,687,Seller_56
PID1950,Board Game,1280.93,In Stock,2.9,402,Seller_44
PID1951,Granola Bars,20185.57,In Stock,4,998,Seller_53
PID1952,Tire Inflator,18152.85,Out of Stock,2.9,378,Seller_41
PID1953,Kong Rubber Ball Toy,9186.91,In Stock,4.4,637,Seller_63
PID1954,Roof Rack,13144.35,In Stock,4.3,418,Seller_12
PID1955,Nykaa Lip Crayon,1211.1,Out of Stock,1.6,312,Seller_46
PID1956,Bombay Shaving Beard Trimmer,10618.9,Out of Stock,4.4,510,Seller_29
PID1957,Mi Smart LED Bulb,8522.45,In Stock,2.9,630,Seller_58
PID1958,Philips Mixer Grinder,2079.69,In Stock,4.7,685,Seller_79
PID1959,Travel Guide,1528.46,Out of Stock,1.4,823,Seller_46
PID1960,Biba Ethnic Kurta,1517.14,Out of Stock,2.5,965,Seller_56
PID1961,Faces Canada Compact,18491.41,In Stock,1.1,105,Seller_67
PID1962,Dogsee Chew Bars,6511.05,In Stock,3.7,942,Seller_41
PID1963,Biba Ethnic Kurta,6022.65,In Stock,3.7,618,Seller_45
PID1964,Car Mats,7573,In Stock,2.6,520,Seller_62
PID1965,Havells Immersion Rod,9213.98,Out of Stock,4.6,626,Seller_47
PID1966,Fresh Oranges,18116.62,Out of Stock,1.4,526,Seller_35
PID1967,Farmina Matisse Cat Feed,6293.87,In Stock,2.7,629,Seller_73
PID1968,Butterfly Rapid Toaster,8626.15,Out of Stock,2.7,382,Seller_47
PID1969,Sebamed Baby Lotion,5022.48,In Stock,3.4,921,Seller_33
PID1970,Tresemme Keratin Shampoo,10055.97,Out of Stock,4.3,823,Seller_49
PID1971,Peter England Polo T-Shirt,1886.29,Out of Stock,4.5,694,Seller_27
PID1972,Peanut Butter,29570.31,Out of Stock,1.9,852,Seller_73
PID1973,Gnawlers Jerky Treats,723.33,Out of Stock,3.8,966,Seller_71
PID1974,Levi's Slim Fit Jeans,1904.31,Out of Stock,1.5,40,Seller_38
PID1975,Cereal,24669.8,Out of Stock,4.1,33,Seller_65
PID1976,Fishing Rod,49630.84,In Stock,1.1,594,Seller_3
PID1977,Levi's Slim Fit Jeans,2491.35,In Stock,3.1,821,Seller_13
PID1978,Epson EcoTank L3250,7596.58,Out of Stock,2.3,522,Seller_74
PID1979,Car Battery,18187.5,Out of Stock,1,803,Seller_43
PID1980,Whiskas Tuna Dry Cat Food,30068.29,In Stock,2,75,Seller_51
PID1981,Travel Guide,11632.41,Out of Stock,1.8,319,Seller_51
PID1982,Heads Up For Tails Harness,391.88,Out of Stock,4.1,121,Seller_23
PID1983,MCaffeine Body Butter,335.25,In Stock,4.1,473,Seller_13
PID1984,Levi's Slim Fit Jeans,22035.93,Out of Stock,4.2,742,Seller_62
PID1985,Wow Aloe Vera Gel,1091.88,Out of Stock,3,926,Seller_11
PID1986,Eureka Forbes Vacuum Cleaner,17365.86,Out of Stock,4.8,565,Seller_44
PID1987,Seat Covers,1361,In Stock,1.3,346,Seller_39
PID1988,Canon PIXMA G3000 Printer,7919.58,Out of Stock,3.2,657,Seller_84
PID1989,Bose QuietComfort Earbuds,1674.38,Out of Stock,4.1,880,Seller_39
PID1990,Peter England Suit Set,16088.61,Out of Stock,4.2,506,Seller_81
PID1991,Colorbar Eye Shadow Palette,57102.24,Out of Stock,2.2,194,Seller_79
PID1992,Classic Novel,4300.53,Out of Stock,1,575,Seller_72
PID1993,Echo Dot 5th Gen,1811.67,In Stock,3,855,Seller_68
PID1994,Van Heusen Blazer,11276.54,In Stock,3.3,72,Seller_57
PID1995,Toy Soldier,365.59,Out of Stock,3.8,59,Seller_30
PID1996,Toy Car,22974.18,Out of Stock,4.5,192,Seller_69
PID1997,Zivame Maternity Nightwear,4967.74,Out of Stock,4.2,816,Seller_34
PID1998,Car Stereo,14268.49,Out of Stock,4.4,318,Seller_44
PID1999,Royal Canin Persian Kitten,18394.23,Out of Stock,4.4,28,Seller_97
